epoch,move legality,average reward,game len,off pol %
0,0.32252685377685375,-0.16936828655578656,7.875,0.39098124566874565
100,0.6587775734662613,-0.08530560663343481,3.8575,0.34622410672908877
200,0.7617607570967304,-0.05955981072581741,2.495,0.3202772098486533
300,0.7659731710662315,-0.058506707233442264,2.66125,0.3257310590344183
400,0.7784280131094952,-0.055392996722626126,2.5875,0.2944549162477967
500,0.7497003470877383,-0.06257491322806547,2.7425,0.3333776957376713
600,0.757003203846331,-0.06074919903841714,2.76125,0.3276558487788477
700,0.7534762445490811,-0.0616309388627298,2.61625,0.3272367132694676
800,0.7599740219977362,-0.060006494500566096,2.675,0.31828046865099613
900,0.7573626430375013,-0.06065933924062465,2.675,0.32841210528537573
1000,0.7403840206723901,-0.0649039948319025,2.67875,0.3298756345049611
1100,0.7477659211344494,-0.0630585197163879,2.9275,0.3139715239511268
1200,0.7531543495684925,-0.06171141260787694,2.8125,0.3257913583666136
1300,0.7689717847122536,-0.057757053821936785,2.55625,0.32873891704414177
1400,0.7502445558664148,-0.062438861033396346,2.73,0.33065865865530036
1500,0.7742496512875211,-0.05643758717811953,2.63375,0.30920010277907684
1600,0.7479397474164073,-0.0630150631458981,2.7275,0.32444242875657764
1700,0.7675676872918773,-0.058108078177030745,2.48625,0.31503499655341877
1800,0.7440112063462879,-0.06399719841342803,2.7225,0.3300750642454958
1900,0.7705633630212216,-0.05735915924469474,2.54875,0.31003103846819
2000,0.7547785170533882,-0.06130537073665294,2.58375,0.31793331481938136
2100,0.7680259525030497,-0.05799351187423772,2.72,0.30335170104306286
2200,0.7597985617457174,-0.06005035956357073,2.6125,0.3190171031011874
2300,0.7655102089043382,-0.05862244777391568,2.5675,0.3154482663400663
2400,0.750630818735858,-0.06234229531603563,2.6925,0.32864385099806315
2500,0.762917630172701,-0.05927059245682487,2.59125,0.31703149759351923
2600,0.7550526021941739,-0.06123684945145657,2.7375,0.31842466864566704
2700,0.7566281057387216,-0.0608429735653197,2.8725,0.30514971045046474
2800,0.7540488516905071,-0.061487787077373304,2.94,0.3210613417323723
2900,0.7624806682034767,-0.05937983294913087,2.795,0.31933178860886097
3000,0.7507692129250292,-0.062307696768742996,2.6825,0.33095384973129144
3100,0.7692001191587658,-0.057699970210308614,2.625,0.3112128028401539
3200,0.7563211168880454,-0.060919720777988705,2.68875,0.31917915085621956
3300,0.7612499898004493,-0.059687502549887715,2.61125,0.31952502918901726
3400,0.7518849993226553,-0.062028750169336185,2.69125,0.3182812609346523
3500,0.7519514432058609,-0.06201213919853461,2.64875,0.32341297045103645
3600,0.7532508722380089,-0.061687281940497884,2.57875,0.3229736096090127
3700,0.7749205953217,-0.05626985116957499,2.54,0.3004004021821753
3800,0.7488543942931161,-0.06278640142672097,2.805,0.31872688827463813
3900,0.7522507392705934,-0.06193731518235156,2.63625,0.33318535691894413
4000,0.7493807951622794,-0.06265480120943032,2.67375,0.3168125575304081
4100,0.7483876738171453,-0.0629030815457137,2.7175,0.31057147563795495
4200,0.7678369123636135,-0.05804077190909665,2.6025,0.2968581529940247
4300,0.7501829149726374,-0.06245427125684055,2.64375,0.316849287274774
4400,0.7811182028690392,-0.05472044928274026,2.37375,0.3072309782710174
4500,0.7791208273558149,-0.055219793161046235,2.455,0.30265567767305696
4600,0.7684849360343559,-0.05787876599141112,2.45875,0.30863616821569656
4700,0.7607158042480873,-0.05982104893797818,2.78,0.30561353998520585
4800,0.7718077955493828,-0.05704805111265444,2.5025,0.30713816223106116
4900,0.76486528301834,-0.05878367924541506,2.55125,0.30016880242956306
5000,0.7721538918715034,-0.05696152703212402,2.57375,0.3046318765470394
5100,0.7582324926365331,-0.060441876840866875,2.51125,0.3183733435150643
5200,0.7721139843977227,-0.05697150390056935,2.63,0.3024000955102888
5300,0.7858450455122821,-0.05353873862192957,2.3475,0.2941272387751283
5400,0.7541347568825395,-0.061466310779364965,2.66125,0.31650377916217703
5500,0.7659052728016104,-0.05852368179959762,2.58625,0.31467062379064265
5600,0.7631514034538857,-0.05921214913652868,2.62125,0.31319975601617434
5700,0.7668743845243656,-0.05828140386890845,2.68125,0.30575266649827887
5800,0.7792016842714419,-0.0551995789321394,2.5025,0.2939898173296395
5900,0.7652458099504991,-0.05868854751237548,2.66625,0.3149642473113336
6000,0.7469459016780227,-0.06326352458049443,2.69125,0.31638476619066064
6100,0.7395828589900804,-0.06510428525247985,2.825,0.3231516549951723
6200,0.7633814791525028,-0.05915463021187436,2.59,0.32077455353758433
6300,0.77750458626346,-0.0556238534341348,2.49,0.31023895282534447
6400,0.7608801415708988,-0.059779964607275415,2.56375,0.30232210024181605
6500,0.7730765163881071,-0.05673087090297328,2.6525,0.3007761353810345
6600,0.768172313250413,-0.05795692168739672,2.6275,0.30473288857484604
6700,0.7680630050862708,-0.05798424872843217,2.6125,0.29331678375598363
6800,0.7815999074414153,-0.05460002313964589,2.46,0.3080525016349873
6900,0.7535673778323946,-0.06160815554190149,2.745,0.3177824313060669
7000,0.7612468327995885,-0.05968829180010299,2.6875,0.3126070723827172
7100,0.7912397778677394,-0.05219005553306524,2.38625,0.29765971130436986
7200,0.7798577398877095,-0.05503556502807276,2.44125,0.29513991232443787
7300,0.7624276879690758,-0.05939307800773125,2.49625,0.3065872444637374
7400,0.7579935794746057,-0.060501605131348654,2.56125,0.31017169295611985
7500,0.7627752251933635,-0.05930619370165917,2.525,0.3045668121718777
7600,0.7717859525720744,-0.05705351185698154,2.55125,0.30595917105326487
7700,0.7553727061093524,-0.06115682347266194,2.7,0.3041309197573387
7800,0.7799175086439305,-0.05502062283901745,2.4675,0.2970683818856058
7900,0.778774017521952,-0.05530649561951206,2.485,0.2985978777551374
8000,0.7647692568632007,-0.05880768578419989,2.5575,0.31735844873549657
8100,0.7633262789579079,-0.05916843026052298,2.61375,0.2986340220701103
8200,0.7711247699775398,-0.05721880750561519,2.52375,0.3018140130594524
8300,0.7693287059864623,-0.057667823503384674,2.52375,0.2928125181874216
8400,0.7705589758165416,-0.0573602560458648,2.57125,0.30911654918972564
8500,0.7621016973275201,-0.05947457566812005,2.5125,0.296901647131833
8600,0.7658492090907448,-0.05853769772731399,2.575,0.29503959558466974
8700,0.7648962792819276,-0.0587759301795182,2.5625,0.2906786805657202
8800,0.7656075206190063,-0.058598119845248375,2.48875,0.30072441476392214
8900,0.7701595475404354,-0.057460113114891034,2.56,0.30927860916731037
9000,0.7763507882038025,-0.05591230294904958,2.37625,0.300384322958319
9100,0.774409457090116,-0.05639763572747101,2.53125,0.28849235445439664
9200,0.7684728300750991,-0.057881792481225346,2.55125,0.3077684977353617
9300,0.7833293211220109,-0.0541676697194972,2.52375,0.28118113606041495
9400,0.7772815542908483,-0.05567961142728794,2.5375,0.2907136420359133
9500,0.7681666128114021,-0.05795834679714943,2.5875,0.29298825770192977
9600,0.7772477456662104,-0.0556880635834474,2.535,0.3019725371715046
9700,0.7635801493541048,-0.059104962661473685,2.74375,0.29254591962510834
9800,0.7614859898783998,-0.0596285025304,2.7775,0.2885229871830054
9900,0.7827750265600752,-0.05430624335998135,2.4025,0.2933182847951775
10000,0.7660763010584424,-0.058480924735389406,2.61375,0.2937949415272632
10100,0.7672040263000877,-0.058198993424978154,2.7625,0.3219415533607991
10200,0.7633113341434062,-0.05917216646414853,2.6125,0.33428353203875566
10300,0.7621203192952356,-0.05946992017619112,2.69375,0.3113757032191018
10400,0.7331388202907562,-0.06671529492731104,2.89125,0.33310593754811807
10500,0.7525763053002608,-0.061855923674934796,2.755,0.3265539014502521
10600,0.7580970024433717,-0.06047574938915723,2.53,0.3148931961408967
10700,0.7503074423041605,-0.06242313942395969,2.775,0.327748073411728
10800,0.7754553869852964,-0.05613615325367587,2.5225,0.3182324045510515
10900,0.7553739101382037,-0.06115652246544906,2.85375,0.3227183801315238
11000,0.7578834027824635,-0.06052914930438414,2.8675,0.32780206587460037
11100,0.7693168091226675,-0.05767079771933321,2.4325,0.3077149090385985
11200,0.7416831942431233,-0.06457920143921916,2.58,0.3358115911826738
11300,0.7535362438668091,-0.06161593903329777,2.7925,0.3127877115633066
11400,0.7640275680950664,-0.058993107976233486,2.50125,0.32369911019622466
11500,0.7694338653200457,-0.05764153366998853,2.48125,0.31863152455742383
11600,0.7595611310630168,-0.060109717234245956,2.55,0.32730262947135963
11700,0.7662431061723934,-0.058439223456901626,2.6425,0.3166237467377272
11800,0.7636693293574788,-0.059082667660630375,2.4925,0.3061745507261799
11900,0.7714218051075292,-0.05714454872311782,2.50875,0.3111050642752732
12000,0.7502959065369282,-0.06242602336576801,2.6775,0.32055984919001645
12100,0.769358587774039,-0.05766035305649031,2.59375,0.33280686036969426
12200,0.7669548870220388,-0.05826127824449018,2.66375,0.31690829016903094
12300,0.747976269398242,-0.0630059326504396,2.68375,0.31534967195212127
12400,0.7657373817731254,-0.05856565455671877,2.5625,0.3133357161032876
12500,0.7673870163233637,-0.058153245919159116,2.76625,0.3106794782631434
12600,0.7653391869856186,-0.05866520325359547,2.575,0.3173521877778029
12700,0.7781945932349668,-0.05545135169125826,2.42,0.3012418826751844
12800,0.7510019912282363,-0.062249502192940974,2.5475,0.3205281985832581
12900,0.748541245720951,-0.06286468856976234,2.7775,0.311640684205797
13000,0.7690713975913575,-0.05773215060216085,2.54375,0.321684103942268
13100,0.7467642698382,-0.06330893254044997,2.64,0.3125091304729181
13200,0.7633234407146843,-0.05916913982132899,2.565,0.3037006360916404
13300,0.7624700101065192,-0.059382497473370044,2.62,0.30726382148255477
13400,0.7643883102094822,-0.0589029224476293,2.7125,0.3068441352748375
13500,0.7681249046104243,-0.05796877384739406,2.54375,0.3172603384340676
13600,0.7491833885392484,-0.06270415286518792,2.7975,0.32792403813998017
13700,0.7687936049103838,-0.057801598772404136,2.60125,0.3146549846047353
13800,0.760725955312922,-0.059818511171769506,2.72125,0.3293766660197244
13900,0.7695940586318616,-0.05760148534203469,2.55875,0.30155157965342494
14000,0.7460907325853243,-0.06347731685366892,2.6575,0.32618750093211724
14100,0.7663330532372034,-0.05841673669069913,2.585,0.30754334371746256
14200,0.756095586709168,-0.06097610332270795,2.61,0.3101423928520384
14300,0.7658562283638208,-0.058535942909044715,2.375,0.31071308310243684
14400,0.7592457584490319,-0.060188560387742056,2.70375,0.3135818767292024
14500,0.7566113393647956,-0.06084716515880104,2.5925,0.3147009999782126
14600,0.7425790363959709,-0.06435524090100712,2.805,0.3252793009998841
14700,0.7602578688817923,-0.05993553277955194,2.61125,0.30893037765833276
14800,0.7785827649035673,-0.05535430877410834,2.47125,0.2935980496801431
14900,0.7569477051771937,-0.060763073705701845,2.60875,0.3199815085050236
15000,0.7661067421492999,-0.05847331446267501,2.6625,0.3038277720803225
15100,0.778324453309236,-0.055418886672690994,2.43875,0.31045468277948635
15200,0.7557112345126555,-0.061072191371836296,2.56625,0.3209733300284394
15300,0.7540479676955886,-0.06148800807610279,2.77875,0.31819263368425604
15400,0.7682730766761924,-0.057931730830951954,2.4775,0.3109894444443703
15500,0.7571120346770205,-0.060721991330744914,2.59125,0.30613163319358344
15600,0.7694396880896971,-0.05764007797757576,2.46875,0.30586911598542854
15700,0.7563778987139526,-0.0609055253215119,2.74375,0.3173961226272548
15800,0.7641211105195462,-0.05896972237011352,2.625,0.3034805449280055
15900,0.7718794061586993,-0.0570301484603253,2.42,0.30817658240019824
16000,0.7853554430004783,-0.05366113924988047,2.51625,0.2943133150343038
16100,0.7697877644369793,-0.05755305889075521,2.4575,0.29956622896505913
16200,0.7681089795573756,-0.05797275511065618,2.565,0.2956549546511327
16300,0.7616832085409762,-0.0595791978647559,2.43875,0.30150382841554985
16400,0.7640265880836662,-0.05899335297908337,2.74125,0.29135582833134266
16500,0.775024312937388,-0.05624392176565314,2.4675,0.2981903946939192
16600,0.7715658429393858,-0.05710853926515349,2.53,0.2890632576353318
16700,0.755951918787154,-0.06101202030321168,2.70125,0.30454440595640625
16800,0.7707081142319905,-0.05732297144200246,2.635,0.30458309224674174
16900,0.7703620329831999,-0.057409491754200175,2.735,0.2966478047751468
17000,0.7630222981102195,-0.05924442547244494,2.40875,0.30820454840412426
17100,0.7527665880704794,-0.0618083529823802,2.69,0.3104543868056333
17200,0.7681775212762038,-0.05795561968094908,2.6525,0.3043131775660649
17300,0.7638838669212,-0.05902903326969992,2.48625,0.2958000139874177
17400,0.7733514462457036,-0.05666213843857415,2.5125,0.29606804341348175
17500,0.7666497484094711,-0.058337562897632304,2.54625,0.2911185349812618
17600,0.7624566954929558,-0.05938582612676128,2.5875,0.29832730843803995
17700,0.768923739211871,-0.05776906519703237,2.68125,0.3089146916701419
17800,0.773528320215474,-0.05661791994613137,2.69125,0.28433341340741036
17900,0.7703620907299925,-0.057409477317501845,2.60375,0.292824181277312
18000,0.7661684018680404,-0.05845789953298989,2.5075,0.29687800111262314
18100,0.7749026256698122,-0.05627434358254704,2.405,0.28726008782658197
18200,0.7693761161517856,-0.057655970962053715,2.54125,0.2954389978078952
18300,0.7714164744903006,-0.05714588137742488,2.54375,0.3075667026983262
18400,0.7554601035971664,-0.06113497410070857,2.65625,0.3192476813349947
18500,0.7768227332723121,-0.05579431668192186,2.54,0.2879846307914558
18600,0.7861880072606365,-0.05345299818484078,2.3125,0.2961041753327871
18700,0.7473678078084356,-0.0631580480478911,2.735,0.30580023539956064
18800,0.7724818571675933,-0.05687953570810155,2.5725,0.3090485005311277
18900,0.7737651882280794,-0.05655870294298026,2.515,0.2846016119647251
19000,0.7865875502223182,-0.053353112444420585,2.4,0.2884589100402755
19100,0.7827012368098107,-0.054324690797547384,2.3775,0.2985597235344506
19200,0.7647503014941037,-0.058812424626473986,2.4975,0.30394028189034317
19300,0.7578600834259429,-0.06053497914351457,2.6525,0.30554119421478215
19400,0.7818533821222625,-0.0545366544694345,2.31125,0.274650024133389
19500,0.7782936064539676,-0.055426598386508014,2.61125,0.30034175340502245
19600,0.7700794128576355,-0.05748014678559103,2.595,0.28808546976523663
19700,0.7823556167539428,-0.054411095811514175,2.5325,0.3006276359905278
19800,0.7779010560579569,-0.05552473598551083,2.375,0.29494372854609346
19900,0.7576772990840999,-0.06058067522897493,2.7375,0.3056992540745913
20000,0.7812445592360556,-0.05468886019098609,2.52,0.2982187975728291
20100,0.7506353446686366,-0.06234116383284096,2.775,0.32656864783494305
20200,0.7670276748490857,-0.058243081287728725,2.6075,0.3226435620949286
20300,0.7630291412746952,-0.059242714681326,2.61,0.32284959754658116
20400,0.7540614001391659,-0.061484649965208575,2.655,0.31446615594437677
20500,0.7561563784622969,-0.06096090538442566,2.75375,0.32317740460320193
20600,0.7724632658368672,-0.056884183540783215,2.5,0.3172537999918624
20700,0.7572184288661025,-0.060695392783474356,2.51875,0.33259152138696035
20800,0.7639505823591165,-0.059012354410220916,2.6225,0.2964787251228499
20900,0.7624949240254476,-0.059376268993638154,2.57125,0.32362896070261116
21000,0.7427947727363372,-0.06430130681591587,2.91625,0.31788092761526804
21100,0.7676209754778576,-0.05809475613053554,2.64625,0.3123556006859566
21200,0.7663128797408604,-0.058421780064784955,2.64,0.3042380036798291
21300,0.7573617591552142,-0.06065956021119653,2.7475,0.3240114133697007
21400,0.7653710158033601,-0.058657246049160186,2.61,0.321261671382868
21500,0.7486045944556753,-0.06284885138608119,2.78875,0.3470995458846241
21600,0.7598652494192369,-0.06003368764519091,2.61125,0.3311826107711762
21700,0.7583339476395504,-0.060416513090112506,2.71375,0.32206429317019636
21800,0.7702593363220562,-0.05743516591948611,2.4275,0.31637986565625636
21900,0.7477055088828172,-0.06307362277929576,2.6175,0.32877586721003627
22000,0.7673155610780811,-0.05817110973047966,2.54875,0.30530720016920754
22100,0.7573963956240758,-0.0606509010939811,2.7175,0.32815027777325506
22200,0.7463416540802322,-0.06341458647994218,2.7125,0.3260027486618933
22300,0.7671096885185835,-0.05822257787035411,2.5025,0.3166821919698357
22400,0.7669246682716313,-0.058268832932092146,2.50875,0.30931061423006606
22500,0.7747724001002493,-0.05630689997493779,2.54375,0.30001668760701544
22600,0.7497698999269943,-0.06255752501825161,2.69125,0.31505336800573497
22700,0.7635084645129606,-0.05912288387175991,2.68,0.31133698351227435
22800,0.7499949642594435,-0.06250125893513926,2.80625,0.314139258011158
22900,0.773439857875793,-0.05664003553105174,2.46,0.3129829770086181
23000,0.7612999173929695,-0.05967502065175764,2.64125,0.31215154763220976
23100,0.7630190704612508,-0.05924523238468736,2.55375,0.3119739231393949
23200,0.7586781909679483,-0.06033045225801256,2.71625,0.312881778050754
23300,0.750769145749751,-0.0623077135625623,2.72,0.31046669352631434
23400,0.757958460623951,-0.06051038484401227,2.6225,0.31152894133027986
23500,0.7664547662910806,-0.058386308427229736,2.3975,0.33072842660584123
23600,0.7569086656843044,-0.060772833578924004,2.75875,0.3101460118627434
23700,0.7698013174639278,-0.05754967063401813,2.655,0.3254358164113723
23800,0.7649372463912715,-0.05876568840218221,2.6275,0.3124511513822813
23900,0.760274567389724,-0.05993135815256907,2.55375,0.305269455106338
24000,0.7618116583434759,-0.05954708541413094,2.57625,0.31569467806554324
24100,0.7651973001462654,-0.05870067496343372,2.6525,0.30196820555183573
24200,0.7588331757160368,-0.060291706070991095,2.64375,0.3104224916724365
24300,0.765459307436977,-0.05863517314075584,2.6375,0.3164236596858666
24400,0.7723044775216136,-0.05692388061959663,2.6375,0.3036136100685028
24500,0.7577990814218113,-0.06055022964454726,2.72375,0.3095007401050841
24600,0.7564905908215532,-0.0608773522946115,2.78875,0.3183630534693816
24700,0.7725851700125677,-0.05685370749685817,2.655,0.2996825713077127
24800,0.7748950005939156,-0.05627624985152116,2.51375,0.30857272687390547
24900,0.7698512882268739,-0.05753717794328159,2.51125,0.29311208263768584
25000,0.7715766027110103,-0.05710584932224731,2.405,0.31158839520863124
25100,0.785803264681983,-0.05354918382950432,2.48625,0.2923911431709821
25200,0.7626768263009867,-0.05933079342475328,2.715,0.31068252902801985
25300,0.746628796443153,-0.06334280088921179,2.81375,0.3172172207080707
25400,0.7657307010726392,-0.05856732473184014,2.72375,0.3103829960699534
25500,0.7668083521114155,-0.0582979119721461,2.575,0.29477414980655586
25600,0.7651463943929848,-0.05871340140175369,2.59625,0.3200971116885796
25700,0.7676242972355614,-0.05809392569110961,2.5125,0.3162720195361302
25800,0.7650472905884965,-0.058738177352876036,2.4625,0.2981324332960189
25900,0.7590828207647802,-0.06022929480880501,2.59625,0.3010801120977903
26000,0.7726505514839431,-0.05683736212901432,2.4525,0.2856303470776493
26100,0.7739871365140502,-0.05650321587148744,2.52375,0.29123711952812914
26200,0.7675785832648306,-0.05810535418379223,2.6,0.30252016978886465
26300,0.769563587520484,-0.05760910311987902,2.47875,0.3038508242211797
26400,0.7458020796825869,-0.06354948007935342,2.7375,0.31443323440503496
26500,0.7783438588033562,-0.055414035299161064,2.5175,0.29312015089751614
26600,0.7705076094734415,-0.057373097631639676,2.6075,0.2944561838988773
26700,0.7610300097391169,-0.059742497565220674,2.5225,0.31264161907827565
26800,0.7722346533068162,-0.056941336673296,2.45375,0.29407678559923456
26900,0.7631440506879019,-0.05921398732802465,2.65625,0.29898407521545944
27000,0.7699451791809957,-0.05751370520475107,2.62,0.30104926545322114
27100,0.7752960377758719,-0.05617599055603211,2.4175,0.28394903879939226
27200,0.7645664696387613,-0.05885838259030958,2.6475,0.2904543836600369
27300,0.7870876951305031,-0.053228076217374264,2.4275,0.2726055596061682
27400,0.7640525679369682,-0.058986858015758106,2.7175,0.2985561298223699
27500,0.7655337640509969,-0.05861655898725084,2.48875,0.2980015038090265
27600,0.7776190807350041,-0.0555952298162491,2.52625,0.29038796842200476
27700,0.767298688183664,-0.05817532795408426,2.4175,0.29747588851780055
27800,0.7809424972316967,-0.05476437569207564,2.5625,0.29601471174160643
27900,0.7716267545211434,-0.05709331136971407,2.545,0.280921924353555
28000,0.7702201101746239,-0.057444972456344175,2.485,0.30768100752703537
28100,0.7793752505057399,-0.05515618737356507,2.45125,0.2860291751736681
28200,0.7710300770599753,-0.0572424807350062,2.63,0.3055552430757035
28300,0.7679893232539007,-0.05800266918652472,2.6,0.30948099392172346
28400,0.7819095385382657,-0.054522615365433465,2.37875,0.28995858772497934
28500,0.7666063005298906,-0.05834842486752741,2.4125,0.30083867366186906
28600,0.783497624151348,-0.054125593962162946,2.515,0.2826376125743364
28700,0.7697974060420302,-0.05755064848949223,2.60125,0.2895093246641522
28800,0.7741868208343583,-0.05645329479141042,2.4875,0.29893545127007554
28900,0.7761516116239234,-0.0559620970940192,2.4175,0.27943091494217187
29000,0.7702434415616173,-0.05743913960959551,2.52375,0.2919779990936007
29100,0.7647593324092928,-0.058810166897676736,2.75,0.2960077644268664
29200,0.773912485946731,-0.056521878513317185,2.5975,0.28860124472864446
29300,0.7694183376969097,-0.057645415575772546,2.6225,0.2895033490279284
29400,0.7642857931519059,-0.058928551712023436,2.68875,0.29634290815256964
29500,0.7901959243359394,-0.052451018916015064,2.49625,0.2745438581255289
29600,0.7879680853865081,-0.053007978653372916,2.44,0.2844354921457187
29700,0.7785012684916414,-0.05537468287708974,2.52875,0.29340407834102394
29800,0.7750845023803101,-0.056228874404922725,2.39,0.2870365778444953
29900,0.7680501937470398,-0.05798745156324001,2.70875,0.29602460799335295
30000,0.7841175654465937,-0.053970608638351604,2.4825,0.28474708146678196
30100,0.7490454801940157,-0.06273862995149601,2.7975,0.3177317374839122
30200,0.7535963425037704,-0.06160091437405724,2.6475,0.32155824927560966
30300,0.7579958266048673,-0.06050104334878334,2.57125,0.32347538942493353
30400,0.7682338456845882,-0.057941538578852925,2.56875,0.3231222797916012
30500,0.743516129888151,-0.06412096752796229,2.72,0.33347628566296
30600,0.7519595453847876,-0.062010113653803156,2.91125,0.31945023959815844
30700,0.7562288325592739,-0.060942791860181506,2.53125,0.33320681144456393
30800,0.7418885085636956,-0.06452787285907609,2.695,0.3341428718124336
30900,0.7517947073322064,-0.062051323166948516,2.68625,0.32673220242942524
31000,0.7418635522465774,-0.0645341119383557,2.72375,0.3336502507451665
31100,0.7513039951127989,-0.06217400122180032,2.6925,0.3200028493993014
31200,0.7671033447749014,-0.05822416380627459,2.4725,0.32095550456452693
31300,0.7592694017969499,-0.060182649550762565,2.49375,0.3193561490566902
31400,0.754733829975649,-0.06131654250608765,2.75125,0.3272983351282602
31500,0.7730318717848081,-0.05674203205379797,2.50125,0.31766404981746144
31600,0.7499531722102408,-0.06251170694743989,2.7325,0.3112450442507492
31700,0.7617032404414023,-0.05957418988964957,2.63,0.325845621601502
31800,0.7821779124634441,-0.05445552188413907,2.4,0.31145654862818734
31900,0.7582134567033443,-0.0604466358241639,2.56625,0.3248763757386916
32000,0.7570907585534683,-0.060727310361632994,2.73875,0.31634338902401965
32100,0.7412942049339075,-0.06467644876652331,2.79,0.31801137423841863
32200,0.7486545938089185,-0.06283635154777026,2.88375,0.3258500357986259
32300,0.7625645601158958,-0.05935885997102615,2.66,0.3167765158847106
32400,0.7537716434634271,-0.06155708913414342,2.7675,0.32162962065294437
32500,0.7738612539742268,-0.056534686506443374,2.6375,0.3130110010063742
32600,0.7607108633737245,-0.0598222841565691,2.6875,0.3137400768743699
32700,0.7564022627593969,-0.060899434310150664,2.675,0.3246541997381954
32800,0.7448769553825223,-0.06378076115436937,2.70625,0.3179831426600349
32900,0.7671313828167157,-0.05821715429582125,2.55625,0.313248584506849
33000,0.7713962271710519,-0.05715094320723697,2.5775,0.3063058208224008
33100,0.7652459747968793,-0.0586885063007804,2.6425,0.2998575440652276
33200,0.7597560790095024,-0.060060980247624594,2.67875,0.3071475048860232
33300,0.7533215993218139,-0.061669600169546514,2.7,0.3101461527417526
33400,0.7732872035414993,-0.05667819911462512,2.39125,0.31603392777747347
33500,0.7636025797879921,-0.05909935505300202,2.62625,0.3126476262697426
33600,0.755953222640695,-0.061011694339826415,2.655,0.3210355743700371
33700,0.75936653911936,-0.060158365220159944,2.54375,0.3034759222209087
33800,0.7730021849757249,-0.0567494537560687,2.49,0.31254890882552333
33900,0.7744857306122275,-0.05637856734694312,2.60875,0.30775254026410903
34000,0.7626166982376377,-0.059345825440590694,2.7725,0.30450124647916954
34100,0.7606782706335693,-0.059830432341607696,2.6025,0.30470842596217507
34200,0.769455986644227,-0.05763600333894324,2.7375,0.29984554917016026
34300,0.7617454104569444,-0.05956364738576389,2.61625,0.3095856107118765
34400,0.7519215842419915,-0.062019603939502226,2.6975,0.3138256785939678
34500,0.7679154192897064,-0.0580211451775734,2.61625,0.3118972745550814
34600,0.7670185199992693,-0.05824537000018275,2.5175,0.31172444913825187
34700,0.7771407186352743,-0.05571482034118144,2.545,0.2897131243214695
34800,0.7698246212373765,-0.05754384469065582,2.46125,0.30754941095164573
34900,0.7685587175043649,-0.057860320623908786,2.635,0.30673147558946423
35000,0.7634339536801051,-0.05914151157997387,2.44625,0.2912785581566933
35100,0.7735869584340762,-0.05660326039148093,2.6225,0.3004507158032355
35200,0.7582006959491008,-0.06044982601272474,2.67875,0.3044870404298351
35300,0.7624493027534384,-0.05938767431164044,2.69375,0.3202691409307089
35400,0.7734211504242965,-0.056644712393925836,2.605,0.303750734945859
35500,0.7616707933986108,-0.059582301650347363,2.595,0.3186212336620295
35600,0.7791487576885184,-0.05521281057787024,2.61125,0.29671851904257773
35700,0.75271913511905,-0.061820216220237534,2.6225,0.3109385181936965
35800,0.7634272874971643,-0.059143178125709024,2.59875,0.3069822258752368
35900,0.7637787634701962,-0.05905530913245114,2.57,0.30602475120700984
36000,0.7678657749317469,-0.058033556267063136,2.5675,0.3066122606313418
36100,0.7835429228691418,-0.05411426928271443,2.40625,0.29809848571351216
36200,0.784299378063899,-0.05392515548402512,2.58,0.2865595074376744
36300,0.757545305065555,-0.06061367373361122,2.655,0.3156577961839188
36400,0.7651419485114052,-0.05871451287214888,2.5975,0.3007266386744123
36500,0.7666822798106238,-0.05832943004734426,2.57,0.3031592408211943
36600,0.7706390844439288,-0.05734022888901781,2.63375,0.3095170786718956
36700,0.770162608965107,-0.05745934775872327,2.6025,0.29100648533261575
36800,0.7677584957715986,-0.05806037605710026,2.6,0.300318881866677
36900,0.7853282430898328,-0.05366793922754181,2.60875,0.28579035045244905
37000,0.7690463730214419,-0.057738406744639634,2.72875,0.2992099682012623
37100,0.7492574992105965,-0.06268562519735082,2.72625,0.3102475116402269
37200,0.7679988186645395,-0.05800029533386515,2.465,0.30133123395673367
37300,0.7688677523570567,-0.05778306191073583,2.6075,0.3060033596263575
37400,0.7718265773822498,-0.05704335565443767,2.52125,0.29272747920893066
37500,0.750497613387171,-0.062375596653207424,2.83,0.31109181437348676
37600,0.7710261071540514,-0.05724347321148717,2.5025,0.2998391745872621
37700,0.7581956782266317,-0.060451080443342124,2.6025,0.3180395118068084
37800,0.7555062859193561,-0.061123428520161206,2.7325,0.3035961536862004
37900,0.780257333232583,-0.05493566669185438,2.47875,0.29356988133275186
38000,0.7591043768309489,-0.06022390579226276,2.6175,0.31583929534987176
38100,0.7621777140835164,-0.05945557147912098,2.65875,0.295295012925298
38200,0.779825631301583,-0.05504359217460414,2.36375,0.28741945414356246
38300,0.7766409052336344,-0.05583977369159143,2.3275,0.2959110766568938
38400,0.7639274980630866,-0.05901812548422827,2.57375,0.29999999295854507
38500,0.7792422523364914,-0.05518943691587702,2.36,0.29541503779661105
38600,0.7665862280839565,-0.05835344297901084,2.55,0.29721998818970385
38700,0.7613786865751162,-0.059655328356221046,2.52875,0.30442485122579016
38800,0.7580104814791229,-0.06049737963021938,2.74,0.31163962114050653
38900,0.7733705421047021,-0.05665736447382442,2.49375,0.28994271005002953
39000,0.7666146076605017,-0.05834634808487462,2.45875,0.2992785295968603
39100,0.791144700669465,-0.05221382483263392,2.545,0.28443262449540346
39200,0.7812094522691414,-0.05469763693271461,2.535,0.29879010327550243
39300,0.7669082880705744,-0.05827292798235649,2.5975,0.29925734832808304
39400,0.7672738510094282,-0.05818153724764308,2.655,0.2910014948016315
39500,0.7830530155434205,-0.054236746114144835,2.5325,0.2812081077506747
39600,0.7804444370946267,-0.054888890726343335,2.435,0.2936685328573928
39700,0.761697788930496,-0.0595755527673758,2.565,0.30616136481958306
39800,0.7782918418078428,-0.05542703954803936,2.35625,0.28898994733445726
39900,0.7744343165100053,-0.05639142087249851,2.62,0.2902570697310644
40000,0.7699724609511088,-0.05750688476222277,2.51,0.2897554171766574
40100,0.7490226838155769,-0.06274432904610582,2.68125,0.3326789958440965
40200,0.7491028690756236,-0.06272428273109405,2.87875,0.3248109234046309
40300,0.7587523620531473,-0.06031190948671322,2.78,0.3218420242650314
40400,0.7526864672641453,-0.0618283831839636,2.605,0.32102210219603466
40500,0.7647012616371532,-0.0588246845907116,2.65625,0.3183618838328186
40600,0.7586475253629109,-0.06033811865927197,2.565,0.32809649283427605
40700,0.7683789618629414,-0.05790525953426464,2.5325,0.3183090897678768
40800,0.7666178825542143,-0.058345529361446415,2.64375,0.3244629479953509
40900,0.7512360043803368,-0.06219099890491596,2.7325,0.32216196812790776
41000,0.7625830568912113,-0.05935423577719725,2.65625,0.32139246041440567
41100,0.7678589115108372,-0.058035272122290635,2.70375,0.3162113370547351
41200,0.7640056277796261,-0.05899859305509352,2.6525,0.30980613945123675
41300,0.7657417756651747,-0.05856455608370639,2.5925,0.3273185721773429
41400,0.7668654210547495,-0.05828364473631271,2.5375,0.3168354425118378
41500,0.7653206676340997,-0.05866983309147508,2.5375,0.3168084190201626
41600,0.7512608894076329,-0.062184777648091785,2.7525,0.3223547599958262
41700,0.7724311885510453,-0.05689220286223863,2.66375,0.309297978881514
41800,0.7683662155293517,-0.05790844611766206,2.52,0.312720939158664
41900,0.7617581367014898,-0.05956046582462735,2.54875,0.3156541990470116
42000,0.7644396354091678,-0.058890091147707914,2.7,0.31967208574414996
42100,0.7783134288530882,-0.05542164278672808,2.4275,0.3029552244120221
42200,0.7473685141915083,-0.06315787145212282,2.66375,0.3238864349227047
42300,0.7542176942849593,-0.061445576428760286,2.64375,0.3266609442173053
42400,0.754249709737805,-0.061437572565548625,2.71875,0.33348340288830786
42500,0.7623267447162877,-0.05941831382092822,2.665,0.31338354180972827
42600,0.7501987143824712,-0.0624503214043823,2.605,0.3091168025052825
42700,0.7779552167268813,-0.05551119581827968,2.72125,0.30604511497707904
42800,0.7576065247443734,-0.0605983688139067,2.58125,0.3138603612755939
42900,0.7526277942897002,-0.06184305142757505,2.45,0.3346708970201336
43000,0.7731277123546109,-0.0567180719113472,2.6525,0.3090081314074472
43100,0.7561848742835892,-0.060953781429102676,2.6525,0.3013246053706167
43200,0.7792627126340606,-0.055184321841485036,2.36,0.3004548181328874
43300,0.7465563729181695,-0.06336090677045768,2.63125,0.31871056181080626
43400,0.7647620024716112,-0.05880949938209716,2.765,0.29871540300756605
43500,0.7521665099660804,-0.061958372508479825,2.64125,0.3252080004186265
43600,0.7462068709633688,-0.06344828225915786,2.83125,0.31953697064228903
43700,0.7739970939458918,-0.05650072651352688,2.635,0.3082943111857893
43800,0.7674724858626444,-0.05813187853433905,2.58875,0.32944653628506737
43900,0.7691141933789518,-0.05772145165526225,2.50125,0.30166489321798506
44000,0.7650122305042285,-0.05874694237394274,2.61625,0.30825708832361065
44100,0.752030285250376,-0.061992428687406155,2.8375,0.3137942347804361
44200,0.7755015699548042,-0.056124607511298885,2.525,0.30171223086529
44300,0.7743677732009844,-0.05640805669975395,2.4275,0.29874951558046187
44400,0.7614788483905802,-0.05963028790235504,2.7925,0.3112191841929721
44500,0.7727409557763442,-0.05681476105591411,2.52875,0.3000226993290241
44600,0.7620777935920632,-0.059480551601984344,2.595,0.3127091147151342
44700,0.7642374297488217,-0.0589406425627947,2.71875,0.3108171697676627
44800,0.7604422843977239,-0.059889428900569204,2.65625,0.30441285124587
44900,0.776379730371874,-0.055905067407031724,2.5775,0.3026586174809337
45000,0.7633559453040824,-0.05916101367397955,2.72875,0.3054370143029463
45100,0.7899875619790515,-0.05250310950523713,2.36625,0.29532462432456336
45200,0.7683249679396887,-0.05791875801507789,2.70125,0.29836174936927995
45300,0.7700324443981753,-0.05749188890045615,2.58125,0.3064181020428641
45400,0.7692616578636631,-0.057684585534084426,2.41375,0.2940738430627533
45500,0.744927930286498,-0.06376801742837564,2.74125,0.3222749776700169
45600,0.7517414463755966,-0.062064638406100964,2.6075,0.29420735625779415
45700,0.773987369301683,-0.05650315767457924,2.43125,0.30425776156726225
45800,0.7803229701276855,-0.05491925746807851,2.46125,0.30422467964346345
45900,0.7673534388388003,-0.0581616402903,2.66875,0.29968700426020123
46000,0.7797706799662828,-0.05505733000842918,2.68875,0.3010113740153038
46100,0.7853952197260148,-0.05365119506849622,2.43125,0.2978923462297533
46200,0.766557687871764,-0.05836057803205904,2.63875,0.30627922422662657
46300,0.7746598707070007,-0.056335032323249885,2.44,0.2930586477353626
46400,0.7580300205403147,-0.06049249486492144,2.67875,0.31295237794710884
46500,0.7765675164338242,-0.05585812089154394,2.32875,0.31764627838099496
46600,0.7592215939061329,-0.06019460152346693,2.65875,0.3138378253372994
46700,0.7562591731398467,-0.060935206715038485,2.59875,0.30930399374317397
46800,0.7552129505118746,-0.06119676237203117,2.74625,0.3106010464456509
46900,0.7530415157832898,-0.06173962105417773,2.72875,0.3083295451164177
47000,0.7683859677306393,-0.057903508067340154,2.36875,0.3038468920434539
47100,0.7692852022549755,-0.05767869943625615,2.5925,0.3050042861367246
47200,0.7442732353788531,-0.06393169115528671,2.82125,0.3026472621697083
47300,0.7750845221276912,-0.056228869468077154,2.52125,0.28333787182737874
47400,0.7702041336844627,-0.05744896657888446,2.485,0.3024217273434497
47500,0.7599428061038932,-0.060014298474026596,2.58375,0.30270124271605653
47600,0.7587083457582264,-0.060322913560443434,2.5725,0.30995931573086766
47700,0.7799643964673026,-0.05500890088317431,2.72125,0.28512644593802283
47800,0.7988199757117473,-0.050295006072063116,2.31,0.2702022486559407
47900,0.7830845457116191,-0.05422886357209517,2.51625,0.2941033781165301
48000,0.7784198596590547,-0.05539503508523626,2.43625,0.3102005432189346
48100,0.7674734102233933,-0.05813164744415166,2.5625,0.3013641454971141
48200,0.7621750695578738,-0.059456232610531776,2.69375,0.28901454311194963
48300,0.7836687728831323,-0.054082806779216785,2.56625,0.2794074498710943
48400,0.7646124217222467,-0.05884689456943832,2.79875,0.3013301366292962
48500,0.7646318108355701,-0.05884204729110766,2.705,0.3048367745889567
48600,0.7665542154155716,-0.05836144614610699,2.585,0.30385954998956
48700,0.7677190331983872,-0.05807024170040326,2.65125,0.293839093358924
48800,0.777950709707045,-0.0555123225732387,2.63125,0.29109626884913037
48900,0.7738095789739903,-0.05654760525650263,2.37625,0.30068302791439544
49000,0.7727387791883747,-0.05681530520290627,2.52875,0.2882603270376943
49100,0.7668792591558689,-0.05828018521103296,2.6225,0.2871156425050971
49200,0.7835912767995743,-0.054102180800106515,2.36375,0.28609062517947786
49300,0.775415418974779,-0.05614614525630524,2.4175,0.2886359321025992
49400,0.7782073364482233,-0.055448165887944156,2.5025,0.2833985213747503
49500,0.7618836335997696,-0.05952909160005768,2.5825,0.28931025585604
49600,0.7687545793726293,-0.057811355156842666,2.57375,0.2995261174602889
49700,0.7863378358323752,-0.05341554104190624,2.45125,0.28316672834271495
49800,0.7768485497032223,-0.05578786257419452,2.55125,0.29614832454619494
49900,0.7836530281613324,-0.054086742959667075,2.4175,0.28394351926064165
50000,0.7615889720375977,-0.059602756990600636,2.5725,0.29712484665253514
50100,0.7636881301017319,-0.05907796747456704,2.76,0.32348758641634057
50200,0.7544867257193091,-0.06137831857017269,2.55125,0.32730645018817683
50300,0.7618674663563353,-0.0595331334109164,2.65375,0.3125084825858396
50400,0.7648026709802486,-0.05879933225493799,2.67625,0.32386931830594856
50500,0.7619851478137818,-0.05950371304655462,2.73,0.33049009395203577
50600,0.7627489968222706,-0.05931275079443244,2.635,0.31090071736236274
50700,0.7765463043726925,-0.05586342390682693,2.58,0.32076334629742365
50800,0.7449175261698825,-0.0637706184575294,2.65875,0.3306393847661604
50900,0.7401632343730253,-0.0649591914067437,2.6575,0.34438139263793377
51000,0.7631122852712846,-0.05922192868217884,2.5925,0.3293566917434969
51100,0.7685796292831846,-0.0578550926792039,2.58125,0.3186176341467165
51200,0.7554387787641288,-0.06114030530896794,2.5975,0.3256878664458228
51300,0.7672203262734564,-0.05819491843163584,2.65125,0.3293111134449159
51400,0.7475759037098203,-0.06310602407254477,2.76625,0.3235245961239287
51500,0.7640229676231388,-0.05899425809421545,2.53375,0.33375855646894875
51600,0.756615554527196,-0.060846111368201124,2.66375,0.3176282978557786
51700,0.7656757500585168,-0.05858106248537079,2.56625,0.3189425163235843
51800,0.7453149032631236,-0.063671274184219,2.7325,0.3292386532504076
51900,0.7725833610547685,-0.056854159736307835,2.6475,0.32082855537696786
52000,0.7647511255585573,-0.05881221861036088,2.50375,0.3098168296284984
52100,0.7504398484626956,-0.06239003788432611,2.67,0.32090852570298956
52200,0.7711569207940141,-0.057210769801496426,2.4725,0.3059392111668723
52300,0.7454803744721363,-0.06362990638196579,2.715,0.34169725812556395
52400,0.7466053545606447,-0.0633486613598388,2.73625,0.3292279905895777
52500,0.7469558596265756,-0.06326103509335619,2.78,0.3172670451847528
52600,0.7664016102122154,-0.0583995974469459,2.49,0.3089625111656373
52700,0.7602243931311423,-0.059943901717214414,2.765,0.31414672282105455
52800,0.7556623217638486,-0.061084419559037914,2.6425,0.33103937438806397
52900,0.763641929566256,-0.059089517608435976,2.7025,0.31619853118763724
53000,0.7613568656322817,-0.059660783591929514,2.78625,0.31809551717825446
53100,0.7648299639139594,-0.0587925090215104,2.47875,0.31378537316385824
53200,0.7816936405788859,-0.054576589855278516,2.43625,0.3106036654060139
53300,0.7633450137407128,-0.05916374656482181,2.5275,0.3155474656758704
53400,0.7480463735331058,-0.06298840661672377,2.78625,0.3299515678723822
53500,0.7517945383328031,-0.062051365416799245,2.65625,0.32033507294346836
53600,0.76349707128039,-0.05912573217990264,2.75375,0.30961245812015736
53700,0.7541138564111559,-0.061471535897211,2.55625,0.31442986933672323
53800,0.7542772883333361,-0.06143067791666602,2.70625,0.3015982275199155
53900,0.7439882675267459,-0.06400293311831365,2.97,0.3251093134119217
54000,0.7720236450605837,-0.05699408873485415,2.68375,0.3003653553668348
54100,0.7690820820376386,-0.0577294794905904,2.55,0.30441235574877334
54200,0.7665986417523376,-0.05835033956191547,2.55125,0.3139753390584238
54300,0.7598346154240575,-0.06004134614398565,2.54,0.31894315944491786
54400,0.7689175767793738,-0.05777060580515648,2.39625,0.3035628338074094
54500,0.774786610512509,-0.05630334737187269,2.51375,0.31299005929992296
54600,0.7512162970895935,-0.062195925727601555,2.62625,0.3156548592819468
54700,0.7746605505718287,-0.05633486235704295,2.4775,0.29449825966979026
54800,0.7634551958325462,-0.059136201041863394,2.65,0.3179477444855374
54900,0.7759385062412347,-0.05601537343969153,2.35875,0.3030745438092388
55000,0.7556575555635509,-0.0610856111091123,2.75625,0.3197003309079165
55100,0.7459305816454609,-0.06351735458863482,2.6675,0.31942869091793913
55200,0.7665193987405735,-0.05837015031485651,2.79875,0.2995647727250775
55300,0.7497196696491819,-0.06257008258770458,2.8825,0.3169329786053986
55400,0.7659147601064177,-0.05852130997339563,2.535,0.3006569450707863
55500,0.7633687856074266,-0.05915780359814342,2.54,0.31701409010390186
55600,0.7591099630841989,-0.06022250922895046,2.57375,0.314226628419806
55700,0.7758534665411493,-0.05603663336471252,2.7075,0.3039464801300965
55800,0.7699901996115633,-0.057502450097109054,2.54625,0.3180533984471161
55900,0.7614320121204385,-0.05964199696989039,2.78375,0.3136055875893225
56000,0.7712222641227621,-0.05719443396930946,2.695,0.29033139104378636
56100,0.7762196507660755,-0.05594508730848115,2.54125,0.30655559320852793
56200,0.7680537980363199,-0.05798655049092005,2.6825,0.30737551636586713
56300,0.775504064774561,-0.05612398380635964,2.5275,0.29642175891887446
56400,0.7725745098745779,-0.056856372531355594,2.71,0.305617217915627
56500,0.7634810238537111,-0.059129744036572174,2.615,0.2977164812716689
56600,0.7716665406191204,-0.05708336484521987,2.55875,0.3049025253353015
56700,0.7727977008852679,-0.05680057477868315,2.66625,0.3101764766443025
56800,0.7640154433127586,-0.05899613917181048,2.75375,0.2892543094999866
56900,0.7648497278994745,-0.058787568025131465,2.5175,0.3065911816365132
57000,0.7712042054268903,-0.05719894864327754,2.59875,0.2994246069579225
57100,0.7527493643616245,-0.06181265890959391,2.7425,0.3016168152082275
57200,0.7855528679673838,-0.053611783008154085,2.455,0.2904252838808836
57300,0.7721321712269138,-0.0569669571932716,2.6875,0.2968244271854907
57400,0.7733665975422176,-0.05665835061444553,2.5475,0.30730423863250533
57500,0.7664632322529685,-0.05838419193675784,2.7025,0.29614605007764805
57600,0.7704369879018854,-0.05739075302452872,2.42625,0.3015570614632311
57700,0.781346180196473,-0.0546634549508817,2.545,0.29506272793223653
57800,0.7589203465564843,-0.060269913360878925,2.53875,0.2994905029307622
57900,0.7675769470914137,-0.058105763227146764,2.5125,0.3007792326092998
58000,0.7663920500931516,-0.058401987476712096,2.585,0.3012553943678215
58100,0.7846469321366921,-0.053838266965826886,2.54625,0.27580257124900326
58200,0.7729482479885064,-0.05676293800287332,2.54,0.29378087339422554
58300,0.7650551490098602,-0.058736212747535016,2.54625,0.29952055272085853
58400,0.7640335136872092,-0.058991621578197845,2.5,0.29518181302922375
58500,0.7645294732449217,-0.05886763168876972,2.6425,0.30921652842464
58600,0.7792204097676584,-0.05519489755808541,2.50625,0.2918592955007433
58700,0.7775348348756763,-0.05561629128108085,2.5575,0.284053110256754
58800,0.7655096312918381,-0.05862259217704053,2.5525,0.29043804396590145
58900,0.7683742399417782,-0.05790644001455559,2.505,0.29783057367202587
59000,0.7780169750161755,-0.05549575624595616,2.44125,0.2822333094015285
59100,0.7743221521429138,-0.05641946196427178,2.38,0.2859092009184552
59200,0.8009227826945434,-0.04976930432636434,2.305,0.26576051902382075
59300,0.7738483004938687,-0.05653792487653287,2.50625,0.28610291081220124
59400,0.7704158152875695,-0.05739604617810789,2.64875,0.3018501389051569
59500,0.7737854119582327,-0.05655364701044215,2.54,0.27886218975571475
59600,0.7800714828428934,-0.054982129289276725,2.4825,0.28424850481976277
59700,0.7785813522296532,-0.0553546619425867,2.41375,0.28327050623045336
59800,0.7701633407125754,-0.05745916482185628,2.53875,0.2936440524320459
59900,0.7790042833434551,-0.05524892916413621,2.54875,0.2754287834322216
60000,0.7780169618331263,-0.05549575954171849,2.44375,0.3026778952689657
60100,0.7582033657122821,-0.06044915857192954,2.85125,0.3154938705343937
60200,0.7586795321802638,-0.06033011695493411,2.65875,0.32926908537834665
60300,0.7549508249702774,-0.06126229375743068,2.5625,0.3334099515745193
60400,0.7664056242607825,-0.058398593934804316,2.635,0.3275964185079433
60500,0.7665688054225468,-0.05835779864436322,2.44625,0.3158490180632448
60600,0.7503963632744215,-0.062400909181394605,2.7025,0.3177923058524398
60700,0.742595123266488,-0.0643512191833781,2.91875,0.3207169221001
60800,0.7670765465022256,-0.05823086337444371,2.53125,0.3212609405956078
60900,0.7564642863338055,-0.06088392841654865,2.77375,0.31725661179658615
61000,0.7617823702425396,-0.059554407439365124,2.60625,0.3287455650307651
61100,0.7615857311603971,-0.05960356720990071,2.655,0.31915784399280833
61200,0.7709525346522416,-0.057261866336939436,2.7175,0.3065430704021722
61300,0.7659062571449621,-0.05852343571375948,2.82375,0.3142515451038958
61400,0.7721814846551368,-0.05695462883621581,2.575,0.31872095427956887
61500,0.768433874547376,-0.057891531363156154,2.575,0.3253885422573281
61600,0.7658477493967161,-0.05853806265082109,2.55625,0.321913176574815
61700,0.7453654152176591,-0.06365864619558523,2.7575,0.3230916212220432
61800,0.7556514880830468,-0.06108712797923829,2.79125,0.3138176572223231
61900,0.7750354465419198,-0.05624113836452011,2.53875,0.3106762081407195
62000,0.7497464357929838,-0.06256339105175396,2.8875,0.3129007981172998
62100,0.7575758153914784,-0.06060604615213027,2.6775,0.3111525096624148
62200,0.7674910061793284,-0.05812724845516773,2.52375,0.3164823880466082
62300,0.7516816093306674,-0.062079597667333175,2.63375,0.310027096871128
62400,0.7422083917018112,-0.06444790207454726,2.67,0.33011016017602707
62500,0.7459578818559103,-0.0635105295360225,2.675,0.33265707844117814
62600,0.7577010950582086,-0.060574726235447886,2.59625,0.32015370889037387
62700,0.7643500800634354,-0.05891247998414129,2.62,0.3179705962442265
62800,0.7545749842682716,-0.06135625393293218,2.82,0.31115332459670836
62900,0.7707422984305196,-0.0573144253923702,2.4775,0.3159283637981002
63000,0.7655117473737496,-0.05862206315656267,2.515,0.3067040048187641
63100,0.7714210984633594,-0.0571447253841601,2.47875,0.3160262462544185
63200,0.7560971912967672,-0.060975702175808236,2.61625,0.3124127061066716
63300,0.7562828291500865,-0.06092929271247831,2.59875,0.3185625943930513
63400,0.7637693023076935,-0.05905767442307676,2.60625,0.30392340307314575
63500,0.7655695607951671,-0.05860760980120815,2.6925,0.3020605273985359
63600,0.7662527299043441,-0.05843681752391405,2.6,0.31063502884788524
63700,0.7566690074206751,-0.060832748144831375,2.73875,0.3331398926756012
63800,0.7669005359012266,-0.05827486602469336,2.6075,0.3079297444668338
63900,0.7593239818703591,-0.06016900453241016,2.61875,0.32064132888457
64000,0.7383072569242405,-0.06542318576893977,2.805,0.32613911997546485
64100,0.7612196529914754,-0.05969508675213135,2.51875,0.31174432640282895
64200,0.7499861872269628,-0.06250345319325915,2.7625,0.31470405540972873
64300,0.7574669109454709,-0.060633272263632174,2.74375,0.3060430960879945
64400,0.7496852894834545,-0.06257867762913642,2.65125,0.326348707657216
64500,0.7553631066726306,-0.06115922333184247,2.74,0.3161361862459556
64600,0.7777390080883368,-0.05556524797791582,2.505,0.304060863034735
64700,0.767536819294004,-0.058115795176499195,2.55125,0.3121350077441312
64800,0.7636951165509646,-0.05907622086225893,2.605,0.3072358731834647
64900,0.7616866029627016,-0.05957834925932482,2.5125,0.3077557331124539
65000,0.7717691162791595,-0.057057720930210006,2.80375,0.30312006699629124
65100,0.7657011753003061,-0.058574706174923614,2.55375,0.3086778948873614
65200,0.7756345493601063,-0.05609136265997362,2.58875,0.3110769697925967
65300,0.7645776355956809,-0.058855591101079956,2.46875,0.32643801095805947
65400,0.7613122073761331,-0.05967194815596679,2.6525,0.31312067620558864
65500,0.7612872637763405,-0.05967818405591495,2.64875,0.3214967328947955
65600,0.7658547620416953,-0.05853630948957618,2.5975,0.31296152648721226
65700,0.7652123239767553,-0.058696919005811046,2.76625,0.31048712570593506
65800,0.7602114182708557,-0.05994714543228613,2.6125,0.30536452938984504
65900,0.7639326303663718,-0.05901684240840695,2.69875,0.3082157461932126
66000,0.762463002726861,-0.05938424931828483,2.61875,0.30914454725529533
66100,0.758009749234428,-0.060497562691393086,2.68875,0.30737768036230917
66200,0.7664466242976219,-0.058388343925594534,2.64375,0.28241650778655286
66300,0.7698184613036844,-0.0575453846740788,2.545,0.3007718941717664
66400,0.7599190391252698,-0.06002024021868257,2.74625,0.31107869962111356
66500,0.7681117069171581,-0.057972073270710425,2.57875,0.31776104703115465
66600,0.7551717909325693,-0.061207052266857645,2.5925,0.320293447622505
66700,0.7674649475144907,-0.05813376312137752,2.4825,0.29850872507900883
66800,0.7511690589087485,-0.06220773527281282,2.605,0.30892587301165375
66900,0.7719651215588321,-0.05700871961029185,2.42875,0.29257156107913856
67000,0.7701418666544222,-0.05746453333639438,2.51125,0.2997115702644956
67100,0.7593227835251491,-0.06016930411871279,2.68125,0.31248287424033955
67200,0.7733148462405288,-0.056671288439867705,2.615,0.298688301131915
67300,0.7804004871161654,-0.05489987822095863,2.5175,0.2835850132241304
67400,0.7733036207103713,-0.05667409482240706,2.49375,0.28585267523060554
67500,0.7760766628740217,-0.05598083428149451,2.41,0.3064368347697861
67600,0.7814507144401003,-0.05463732138997496,2.465,0.29186035923676795
67700,0.7583616774585933,-0.060409580635351706,2.63125,0.306473658998048
67800,0.782768481512754,-0.054307879621811536,2.31375,0.29571500786436966
67900,0.7697551522946396,-0.05756121192634013,2.74875,0.3022214513279445
68000,0.7833516814665543,-0.054162079633361636,2.54375,0.2865953864683627
68100,0.7700526810216191,-0.05748682974459522,2.58625,0.29120257309179143
68200,0.765771510875641,-0.05855712228108985,2.6325,0.3087773417295923
68300,0.7763004718860606,-0.05592488202848482,2.595,0.30122071254146815
68400,0.7719594665233888,-0.05701013336915294,2.5675,0.2942052089651331
68500,0.7730659874239099,-0.05673350314402258,2.5125,0.2762271900757767
68600,0.7701642602399386,-0.057458934940015395,2.77625,0.28198796035722506
68700,0.7610684590766245,-0.05973288523084377,2.6275,0.2951719883888777
68800,0.7653212985448092,-0.05866967536379774,2.55,0.3038504227043119
68900,0.7545090248582844,-0.06137274378542895,2.595,0.3052893714132389
69000,0.7816675729145386,-0.05458310677136536,2.405,0.28938518811774255
69100,0.7729459018274832,-0.05676352454312898,2.50375,0.2864265181188654
69200,0.762102504095874,-0.05947437397603164,2.535,0.29944522104026206
69300,0.7656569548112724,-0.058585761297181974,2.59875,0.2941857834338733
69400,0.791828681412273,-0.05204282964693183,2.37125,0.28064552577960955
69500,0.7681115367800172,-0.05797211580499571,2.39375,0.30693366528370203
69600,0.7822935821885568,-0.054426604452860856,2.45875,0.27936712846638423
69700,0.7792181790689263,-0.05519545523276831,2.425,0.2919653357214945
69800,0.7779450418785925,-0.05551373953035179,2.39,0.30146396390910907
69900,0.7843587705958902,-0.05391030735102757,2.49375,0.27470338454249116
70000,0.7710143022152416,-0.05724642444618974,2.56625,0.2891457311609984
70100,0.7383448498334585,-0.06541378754163545,2.63125,0.35010298137206347
70200,0.7659083055324324,-0.05852292361689195,2.49375,0.3151070303961136
70300,0.7706759530186525,-0.05733101174533717,2.66375,0.3269470334773914
70400,0.7524945870252161,-0.06187635324369595,2.95,0.32056903057485264
70500,0.7552496053399096,-0.061187598665022706,2.72875,0.33075354335118495
70600,0.7739154107476688,-0.056521147313082824,2.57125,0.31331548593466196
70700,0.7409943658223311,-0.06475140854441726,2.8325,0.3467326098518976
70800,0.7667086208805322,-0.0583228447798671,2.6575,0.3197170078586985
70900,0.7602038342687513,-0.0599490414328122,2.575,0.321394588088511
71000,0.7608482560636186,-0.05978793598409537,2.545,0.3218423094576972
71100,0.764011809606087,-0.05899704759847818,2.5725,0.32573960194044593
71200,0.7608622039317207,-0.05978444901706977,2.54625,0.3191213158228471
71300,0.7629174168422227,-0.0592706457894442,2.81625,0.32189368594976664
71400,0.7701592216580341,-0.05746019458549163,2.68,0.3082215698649999
71500,0.75840116910628,-0.060399707723430035,2.76875,0.3213173731265264
71600,0.7492248206598033,-0.06269379483504925,2.78625,0.3280675075041471
71700,0.7518358395537723,-0.062041040111556756,2.78125,0.32063546471302395
71800,0.7575891409375386,-0.06060271476561521,2.7725,0.320428517858639
71900,0.7687671604297935,-0.05780820989255162,2.625,0.3145011162564355
72000,0.7505765119531717,-0.062355872011706996,2.57625,0.3176774626883661
72100,0.7637898272815208,-0.05905254317962008,2.74375,0.3202426596384958
72200,0.7617205643328198,-0.05956985891679503,2.5175,0.3142675352319252
72300,0.7571238899612015,-0.06071902750969964,2.71875,0.3212346001896958
72400,0.7643329654635223,-0.05891675863411941,2.55875,0.3148381327518852
72500,0.7523281425339985,-0.06191796436650035,2.7125,0.32128666571578945
72600,0.7496689247003543,-0.06258276882491151,2.72125,0.33479443668908787
72700,0.7662189675289549,-0.05844525811776137,2.6375,0.3213763821510521
72800,0.758391737814642,-0.0604020655463395,2.6625,0.3135430597927568
72900,0.7612439999033996,-0.0596890000241501,2.60125,0.3206270984737269
73000,0.7587663437726166,-0.060308414056845915,2.8525,0.30964207023366536
73100,0.7630253471817732,-0.05924366320455654,2.69375,0.31302848876453127
73200,0.763143249137816,-0.059214187715546075,2.53875,0.3122489958496835
73300,0.7527429364074075,-0.06181426589814792,2.66125,0.32054391494706136
73400,0.7653255034391506,-0.058668624140212566,2.54,0.3017252935391284
73500,0.7654572793069129,-0.05863568017327202,2.4975,0.31222882410653885
73600,0.7649992766424415,-0.058750180839389536,2.64875,0.3149414451799561
73700,0.758228187228083,-0.06044295319297923,2.7825,0.32952695414333905
73800,0.7656463590121386,-0.058588410246965525,2.4775,0.3183645944087423
73900,0.7659680852219032,-0.05850797869452423,2.51625,0.32923809537182036
74000,0.7565461901827392,-0.06086345245431514,2.65,0.31731257233412097
74100,0.76531138547498,-0.05867215363125505,2.605,0.31175707510608613
74200,0.7647459572417779,-0.05881351068955558,2.7025,0.2943590674934933
74300,0.7693471562178844,-0.057663210945529085,2.5525,0.3055732097779277
74400,0.7665435948462013,-0.05836410128844978,2.6425,0.3041422495939504
74500,0.7565608986195146,-0.060859775345121256,2.92625,0.31377306630200136
74600,0.7720483401306417,-0.056987914967339626,2.625,0.30548961757152837
74700,0.7754668344021327,-0.05613329139946673,2.66,0.2966819641627948
74800,0.7475305492270691,-0.06311736269323269,2.68875,0.31131111706212544
74900,0.773389291189334,-0.05665267720266651,2.6375,0.30341097048057286
75000,0.7621503754399239,-0.05946240614001903,2.605,0.31401135361984944
75100,0.757677144830855,-0.06058071379228619,2.735,0.3060021952149174
75200,0.7580074291360641,-0.06049814271598409,2.64,0.2998841379717391
75300,0.7653242824589479,-0.05866892938526304,2.44375,0.30427206372406007
75400,0.7772607551307193,-0.055684811217320135,2.4175,0.2951847886414423
75500,0.7608205343983522,-0.05979486640041192,2.66125,0.31191630498995426
75600,0.7794422445821786,-0.05513943885445539,2.425,0.2937517084505102
75700,0.7539972540004085,-0.06150068649989781,2.63625,0.31537349061962106
75800,0.7631527159332826,-0.059211821016679156,2.63125,0.2969773508265914
75900,0.7588712508537365,-0.06028218728656585,2.70625,0.30791906749435827
76000,0.7628045344245635,-0.059298866393859256,2.415,0.3046801229288749
76100,0.7750113985321339,-0.05624715036696643,2.3275,0.29792104477325687
76200,0.7613876725406925,-0.05965308186482684,2.6875,0.31723130889454704
76300,0.7692190132216463,-0.05769524669458855,2.43125,0.2938524106506433
76400,0.769283571431069,-0.05767910714223274,2.65625,0.30157117201760897
76500,0.7650120435439856,-0.05874698911400358,2.62125,0.3031095353762794
76600,0.7681767643834106,-0.05795580890414755,2.5925,0.30398136929208025
76700,0.7808484064630227,-0.05478789838424434,2.41875,0.3034139221523373
76800,0.7723800051523102,-0.05690499871192241,2.56625,0.3027877107586678
76900,0.7799250245879996,-0.055018743853000124,2.48625,0.30513942806008826
77000,0.7706448197733365,-0.05733879505666585,2.535,0.30186192794599764
77100,0.7654097669086201,-0.058647558272844964,2.5375,0.3109682403819212
77200,0.7797215764039198,-0.05506960589902003,2.4725,0.28386115363625053
77300,0.786623282824856,-0.053344179293786126,2.42625,0.2839209196038706
77400,0.7652582041248814,-0.05868544896877962,2.48375,0.3057043305365447
77500,0.7708224204409011,-0.05729439488977473,2.47125,0.29176803040357496
77600,0.7716175121592447,-0.05709562196018894,2.58625,0.302581108025571
77700,0.7614044872120993,-0.05964887819697503,2.62625,0.29530226151161176
77800,0.7724850633659728,-0.05687873415850698,2.52375,0.30095944042220873
77900,0.7701127927392386,-0.05747180181519029,2.47,0.31353002022894816
78000,0.7898822076683965,-0.05252944808290095,2.4075,0.29134863781164216
78100,0.7836679309463419,-0.05408301726341457,2.50625,0.2908249600866897
78200,0.7549705452641499,-0.061257363683962715,2.6025,0.2952972613804458
78300,0.7601136548732819,-0.05997158628167975,2.6425,0.2834316275733668
78400,0.7758399544605513,-0.0560400113848622,2.4275,0.29313385044983525
78500,0.7688971295749585,-0.05777571760626052,2.70125,0.2994055849177665
78600,0.7740496614656678,-0.05648758463358302,2.58625,0.2998830038017915
78700,0.759130213241329,-0.060217446689667636,2.67375,0.2999977566302489
78800,0.7727737542499006,-0.056806561437524924,2.4425,0.29529032113646353
78900,0.7889302350628224,-0.05276744123429439,2.39375,0.28734491284784486
79000,0.7776488443824979,-0.055587788904375574,2.42375,0.29326359929261914
79100,0.7787260606122155,-0.05531848484694625,2.5625,0.278960994521948
79200,0.7776360586321155,-0.055590985341971155,2.455,0.29413004587605474
79300,0.7866121488204311,-0.05334696279489209,2.46625,0.2698332949702845
79400,0.7715835997446239,-0.05710410006384398,2.74875,0.29747495913031463
79500,0.7736874183141095,-0.056578145421472575,2.50875,0.2885458393358483
79600,0.7782608033879785,-0.05543479915300537,2.58625,0.27937488988452785
79700,0.7814278349173261,-0.054643041270668685,2.4425,0.2831107088620925
79800,0.777039284066737,-0.05574017898331593,2.32625,0.2886794103607127
79900,0.7635636300130768,-0.05910909249673076,2.52125,0.29227974244866894
80000,0.7599944557604488,-0.06000138605988765,2.59875,0.3072371386207123
80100,0.7606240746262313,-0.05984398134344206,2.875,0.3198808672109061
80200,0.7712496819561158,-0.05718757951097116,2.65875,0.3013547887757423
80300,0.7495732829403084,-0.0626066792649229,2.6425,0.3320162552818239
80400,0.7433806646237795,-0.06415483384405522,2.75,0.32448592861422293
80500,0.757424008424278,-0.06064399789393053,2.74625,0.32572373663232623
80600,0.7532614020493195,-0.061684649487670135,2.71875,0.32442799046963755
80700,0.7506133388981548,-0.0623466652754613,2.83375,0.31955156474992824
80800,0.7574154660848326,-0.060646133478791754,2.56625,0.3270730363122077
80900,0.7665541601856494,-0.05836145995358757,2.58625,0.3172757186081486
81000,0.7459447487980272,-0.06351381280049316,2.75,0.3276927509733287
81100,0.7501564335937165,-0.06246089160157081,2.66625,0.32186252633438417
81200,0.7518037367029171,-0.06204906582427084,2.65,0.31388265456886993
81300,0.7488906681468116,-0.0627773329632969,2.67625,0.32237709086043176
81400,0.7510629859724954,-0.06223425350687627,2.84,0.3280175454651741
81500,0.7519541785871432,-0.06201145535321424,2.76125,0.32496234468428603
81600,0.7349060031986486,-0.0662734992003378,2.81,0.32701926854148994
81700,0.771126356900866,-0.05721841077478363,2.57,0.31908013781018485
81800,0.7591214881837306,-0.060219627954067524,2.615,0.3209752602375706
81900,0.7494599213571602,-0.06263501966070986,2.81375,0.32232152954627735
82000,0.7592541095181801,-0.06018647262045491,2.585,0.3207827584404585
82100,0.7650890543392649,-0.058727736415184015,2.6675,0.30065335813904354
82200,0.764652857774268,-0.05883678555643294,2.62375,0.32115346065550104
82300,0.7544517181800269,-0.06138707045499334,2.59625,0.3255057641952992
82400,0.7658769682446177,-0.05853075793884537,2.595,0.31748020478517297
82500,0.7624425025741175,-0.05938937435647067,2.59625,0.3217155648027719
82600,0.7715055391637253,-0.05712361520906877,2.4275,0.3023508616596209
82700,0.7489020322656508,-0.06277449193358725,2.595,0.31892346569555263
82800,0.7594760558263955,-0.06013098604340123,2.65125,0.31594399671200557
82900,0.750316457745263,-0.06242088556368421,2.81125,0.31263799544348747
83000,0.7644214975120964,-0.05889462562197597,2.65625,0.32166594937322374
83100,0.7681872901021088,-0.05795317747447279,2.6025,0.3004521504017738
83200,0.7563932046932522,-0.06090169882668687,2.645,0.3085598144482444
83300,0.7627940288079151,-0.059301492798021244,2.60375,0.30558425337155487
83400,0.7692527104505481,-0.05768682238736294,2.69875,0.30705368849937326
83500,0.7560434828979221,-0.06098912927551954,2.62375,0.30808459580147746
83600,0.7585967545961236,-0.060350811350969286,2.5425,0.32870043021707146
83700,0.739001337434065,-0.06524966564148385,2.79625,0.32600755444321644
83800,0.766802967726779,-0.058299258068305215,2.53875,0.30304284130786535
83900,0.7638326818208437,-0.05904182954478916,2.6625,0.3251970405446791
84000,0.7658372513285308,-0.05854068716786733,2.58375,0.30776709368846816
84100,0.7519928656021986,-0.06200178359945026,2.53875,0.32201613489195213
84200,0.7638449913546219,-0.05903875216134453,2.63125,0.3123729537285322
84300,0.7534235947384169,-0.06164410131539599,2.6325,0.31233268151057003
84400,0.7611823576083865,-0.05970441059790347,2.615,0.3055998094399905
84500,0.7749765098623521,-0.05625587253441199,2.57125,0.3013244341329764
84600,0.766596818862769,-0.05835079528430778,2.59625,0.3149124745350234
84700,0.762776859138445,-0.059305785215388894,2.5175,0.31536049553382706
84800,0.7819537991126094,-0.054511550221847775,2.63375,0.28615700954376
84900,0.767955696614933,-0.05801107584626677,2.68125,0.29369910102393015
85000,0.7463448266515991,-0.06341379333710036,2.78875,0.31762720725532423
85100,0.7621210427293376,-0.059469739317665485,2.62,0.3282874387610638
85200,0.7762714823973488,-0.05593212940066291,2.36375,0.30644532744967196
85300,0.7552439360042171,-0.06118901599894564,2.8875,0.315488615594656
85400,0.7592457441074089,-0.060188563973147605,2.53125,0.3091288469374357
85500,0.7655728404782148,-0.058606789880446285,2.6725,0.309745547918549
85600,0.7691212690849228,-0.05771968272876941,2.46125,0.30980254343114516
85700,0.7611415426805772,-0.059714614329855725,2.73,0.30383604370522527
85800,0.7655032976778906,-0.05862417558052726,2.5075,0.30630596689881245
85900,0.7702614678452203,-0.05743463303869513,2.6425,0.29544333427099917
86000,0.7746622463602723,-0.056334438409931895,2.46375,0.31160565086489805
86100,0.7605716579299316,-0.05985708551751702,2.79375,0.2939232061485647
86200,0.7726831300152228,-0.056829217496194344,2.41625,0.2935775941396274
86300,0.7813547443580062,-0.054661313910498464,2.39,0.295603619798308
86400,0.7546805578840275,-0.06132986052899343,2.505,0.31633776909523925
86500,0.7602022717793067,-0.059949432055173286,2.88,0.30222883415563073
86600,0.7542190461415929,-0.061445238464601815,2.75125,0.30664246873313616
86700,0.7639489709334,-0.05901275726664996,2.6175,0.3090619322117769
86800,0.7758211980445353,-0.056044700488866096,2.42125,0.2888361096589389
86900,0.7720683793448531,-0.056982905163786575,2.5975,0.2945480011978615
87000,0.7632645709785774,-0.05918385725535586,2.5675,0.3063654208157249
87100,0.7785023832280703,-0.05537440419298246,2.5075,0.2957305252399806
87200,0.7612744056531819,-0.0596813985867044,2.52625,0.3090341966174553
87300,0.7669215882907199,-0.05826960292732008,2.58875,0.3063436936777016
87400,0.7685653732790003,-0.057858656680249976,2.61,0.3138920835612218
87500,0.7705828163044984,-0.0573542959238753,2.55125,0.3004690790074551
87600,0.7688735032580272,-0.05778162418549322,2.62125,0.3002126975564765
87700,0.766478073988713,-0.058380481502821865,2.56125,0.3035190341278671
87800,0.7852171173818863,-0.05369572065452843,2.36375,0.2721487700937015
87900,0.7599099758443127,-0.06002250603892192,2.73,0.29874689943427074
88000,0.7692931965777512,-0.057676700855562285,2.69875,0.2985625129395253
88100,0.7758655070543935,-0.056033623236401785,2.5125,0.29365315458078406
88200,0.7739215963022571,-0.05651960092443563,2.4425,0.29590431669782025
88300,0.7707250002030829,-0.05731874994922934,2.62375,0.28435812609401645
88400,0.7663980971756998,-0.058400475706074984,2.52875,0.298805410835788
88500,0.7714425154306287,-0.05713937114234269,2.48875,0.2913661048725812
88600,0.7693888813780422,-0.057652779655489456,2.56875,0.2995411351939348
88700,0.7620566098558028,-0.05948584753604923,2.50625,0.30151607608903247
88800,0.7857526723002389,-0.05356183192494032,2.43625,0.29043113121379543
88900,0.7639143252413149,-0.059021418689671055,2.50625,0.30476708544039294
89000,0.7707475647058847,-0.05731310882352898,2.55375,0.3059715823528089
89100,0.7732432969119563,-0.056689175772011,2.4975,0.2872150754192538
89200,0.766755534363268,-0.05831111640918305,2.57375,0.29155497222240745
89300,0.7722840623674406,-0.05692898440813979,2.5175,0.2850287429180347
89400,0.7729541747823626,-0.056761456304409395,2.545,0.29680059545961707
89500,0.7643130885511528,-0.058921727862211816,2.5025,0.2891943597693284
89600,0.7870652105808095,-0.053233697354797584,2.48,0.2832394761711082
89700,0.7566570636563121,-0.06083573408592199,2.61375,0.30185228778825535
89800,0.7817406479540553,-0.05456483801148636,2.4925,0.2861978021760494
89900,0.7724733897196527,-0.05688165257008688,2.645,0.29700945068086343
90000,0.7671054263063496,-0.0582236434234124,2.59875,0.3041753890459096
90100,0.7621825476692498,-0.05945436308268759,2.61375,0.32249028679912867
90200,0.7577093545220493,-0.06057266136948763,2.68875,0.32527618662944063
90300,0.7550543871346989,-0.06123640321632533,2.815,0.33655847513365944
90400,0.7635297205548429,-0.05911756986128954,2.7675,0.32170406276304137
90500,0.7581704870933672,-0.060457378226658205,2.53875,0.32595518727016676
90600,0.7546032576897569,-0.061349185577560875,2.58875,0.3240418696224643
90700,0.7648871834627476,-0.05877820413431326,2.6475,0.3290733787735416
90800,0.7400327795450004,-0.06499180511375009,2.80625,0.32141268480731866
90900,0.7462734718448054,-0.06343163203879862,2.7225,0.3184456266004777
91000,0.7577704945524194,-0.060557376361895274,2.61125,0.3158985281859124
91100,0.767044986794175,-0.05823875330145621,2.6825,0.33478130185368604
91200,0.7555701796006182,-0.061107455099845484,2.61,0.3226399698502671
91300,0.7568694382395336,-0.060782640440116546,2.7275,0.32736304861809207
91400,0.7612962983964136,-0.059675925400896584,2.63125,0.329671973333779
91500,0.7520817747021147,-0.061979556324471365,2.69625,0.3207561610646553
91600,0.7496716084764857,-0.06258209788087879,2.59375,0.3256991935143309
91700,0.7633120684903697,-0.05917198287740762,2.63875,0.32074725417284194
91800,0.7687613852837611,-0.0578096536790597,2.50875,0.30698308988939615
91900,0.7636361326857363,-0.059090966828566016,2.55125,0.32874923408368484
92000,0.7505311338696613,-0.06236721653258476,2.68625,0.3313002463842642
92100,0.7682939886713349,-0.057926502832166264,2.60625,0.2944283387549633
92200,0.7500148576885353,-0.06249628557786619,2.68125,0.31598321752668457
92300,0.780164415742178,-0.05495889606445531,2.46,0.3149080414094549
92400,0.7613086312512907,-0.05967284218717738,2.5975,0.3203628689082524
92500,0.7527536923903184,-0.06181157690242026,2.7375,0.3355960884163254
92600,0.7523505965139203,-0.06191235087152012,2.685,0.3234210371948956
92700,0.7664910735977061,-0.058377231600573544,2.6375,0.30085555028643624
92800,0.7603587343762023,-0.05991031640594942,2.555,0.3146615768199764
92900,0.7548404305096825,-0.06128989237257951,2.66,0.31817837796751236
93000,0.7619722787232035,-0.059506930319199076,2.685,0.3257907518687986
93100,0.7621571486932455,-0.05946071282668845,2.5275,0.3111702624576142
93200,0.7567451741372033,-0.060813706465699335,2.5725,0.326511210643479
93300,0.7686774580407988,-0.057830635489800365,2.61375,0.30715030596406395
93400,0.7665580773737909,-0.058360480656552374,2.71,0.31265040153889934
93500,0.7786487812662086,-0.05533780468344779,2.51625,0.29885748930321127
93600,0.7625132294695866,-0.05937169263260346,2.775,0.31054904223081176
93700,0.7690828726537546,-0.05772928183656138,2.64875,0.3079308901364388
93800,0.7733456117925654,-0.05666359705185858,2.58,0.30872706009220807
93900,0.7674502252167641,-0.05813744369580906,2.57625,0.3204131456068535
94000,0.7736345809393422,-0.05659135476516453,2.54125,0.3078401903212857
94100,0.7767821894044239,-0.055804452648894026,2.375,0.31332388762519975
94200,0.7647141809370237,-0.05882145476574402,2.48625,0.31258934871625355
94300,0.76911343573188,-0.05772164106703,2.54125,0.30715802541780973
94400,0.7600121978814568,-0.05999695052963582,2.545,0.3002403861404273
94500,0.774976856233027,-0.056255785941743214,2.5975,0.31579901136843924
94600,0.7594247681538746,-0.060143807961531494,2.46,0.31448217471859136
94700,0.7696141819763157,-0.057596454505920984,2.54375,0.30622956286246783
94800,0.7587238277920779,-0.06031904305198049,2.5725,0.31120969054289527
94900,0.7767013928613866,-0.055824651784653456,2.4025,0.3077738756362179
95000,0.7642505958477268,-0.05893735103806824,2.7275,0.3276703717646516
95100,0.7682744939560995,-0.05793137651097514,2.69875,0.3039867636603411
95200,0.7814917168488441,-0.05462707078778913,2.41875,0.31445048938290127
95300,0.7685285996601848,-0.05786785008495385,2.56375,0.3007339263652426
95400,0.7749968524916895,-0.05625078687707762,2.59125,0.29806625401854153
95500,0.7582190260197433,-0.06044524349506441,2.6975,0.3062785305092531
95600,0.7711328596660411,-0.05721678508348986,2.4525,0.30891182791843513
95700,0.7577885619289942,-0.06055285951775133,2.64875,0.3046082371322341
95800,0.7808184046869616,-0.05479539882825986,2.34625,0.2962233312197045
95900,0.7617599435632461,-0.059560014109188604,2.44,0.30938088966949445
96000,0.7576516688243392,-0.06058708279391503,2.6075,0.31999229977970983
96100,0.772124711637711,-0.05696882209057226,2.56125,0.3124640573350969
96200,0.7650440268964457,-0.05873899327588866,2.56,0.30552177536869235
96300,0.7657592751709796,-0.05856018120725518,2.6875,0.2978957556581662
96400,0.7588826548099377,-0.06027933629751555,2.6975,0.31475081163845076
96500,0.7573899413948575,-0.060652514651285655,2.5475,0.3101659685469291
96600,0.7730230051867027,-0.05674424870332423,2.45125,0.2978381172630224
96700,0.756097204607956,-0.06097569884801117,2.65375,0.3039048264819061
96800,0.7790761561552451,-0.055230960961188603,2.465,0.29517280846286914
96900,0.7658239844258748,-0.0585440038935313,2.515,0.30360680237901794
97000,0.7600187828793373,-0.05999530428016584,2.5725,0.31407469188981535
97100,0.7754325075827083,-0.05614187310432294,2.59125,0.28933618797937216
97200,0.7765062396352591,-0.05587344009118544,2.55875,0.28670725142501996
97300,0.7783844295343715,-0.055403892616407255,2.43125,0.30396003594682935
97400,0.7730525849473929,-0.05673685376315203,2.5275,0.30196109362526524
97500,0.7614714138859313,-0.05963214652851717,2.45,0.3005071942624615
97600,0.7682401007310881,-0.05793997481722786,2.6175,0.3078708611490806
97700,0.778123270240744,-0.055469182439813795,2.45375,0.3014127516876925
97800,0.7640927373140245,-0.058976815671494015,2.5175,0.3077667816558993
97900,0.7775684415507247,-0.055607889612318724,2.59625,0.2991169760288205
98000,0.7707344167640909,-0.05731639580897736,2.62,0.29147537916494964
98100,0.7729983528944624,-0.05675041177638454,2.43125,0.2967759431561009
98200,0.7851632126175203,-0.053709196845619915,2.4175,0.28366087913905463
98300,0.7642765990813706,-0.05893085022965723,2.5525,0.2947973503321773
98400,0.7837778011070283,-0.054055549723243196,2.43625,0.27974427271281194
98500,0.7713471231974074,-0.05716321920064812,2.6475,0.30092308126466205
98600,0.7951740049433187,-0.05120649876417047,2.4825,0.2795739146499023
98700,0.745093480334574,-0.06372662991635653,2.81375,0.3043123131279021
98800,0.7696514477741025,-0.05758713805647429,2.5,0.2976492062435101
98900,0.7734234317628962,-0.056644142059275954,2.39125,0.3088095865762908
99000,0.7640857024637171,-0.05897857438407064,2.655,0.2943020390167152
99100,0.771669473096355,-0.057082631725911444,2.5125,0.28554556598971875
99200,0.7733631502519652,-0.05665921243700877,2.455,0.28911084231002365
99300,0.7708828668996042,-0.057279283275098784,2.71125,0.2892127727288121
99400,0.7661287140209629,-0.05846782149475927,2.55875,0.2988469739647848
99500,0.7675834370954888,-0.05810414072612766,2.70375,0.29262821935317856
99600,0.7754172997068176,-0.05614567507329566,2.48375,0.2882119954691642
99700,0.7710309230389779,-0.05724226924025548,2.53625,0.27911599283330246
99800,0.7869009163390842,-0.05327477091522883,2.35,0.27785486279928034
99900,0.7688082357828077,-0.05779794105429815,2.56875,0.29353221503781435
100000,0.774823508248984,-0.056294122937754015,2.645,0.2945015735168205
100100,0.7466594628448618,-0.06333513428878464,2.61125,0.32928903106805
100200,0.7539146732390232,-0.061521331690244103,2.7525,0.3380714906965004
100300,0.7654907570675304,-0.05862731073311726,2.65875,0.3100853607871292
100400,0.7505321929735019,-0.062366951756624635,2.62875,0.31977762743633437
100500,0.7618380353573656,-0.0595404911606586,2.7,0.3165167157339371
100600,0.7602554152330917,-0.059936146191727026,2.71875,0.32038040812462704
100700,0.7426311272501885,-0.06434221818745267,2.77875,0.3326631252562056
100800,0.7537470677323392,-0.061563233066915225,2.75375,0.3164798611919274
100900,0.7588114566947864,-0.06029713582630343,2.8175,0.31419931277227414
101000,0.7648638152106906,-0.05878404619732733,2.59875,0.31035082855200086
101100,0.7506506169567507,-0.06233734576081242,2.52375,0.31888832969598185
101200,0.7583780015996865,-0.060405499600078405,2.80375,0.32300935906929723
101300,0.7573868452268806,-0.060653288693279704,2.6425,0.3129020909874127
101400,0.7769848077139808,-0.05575379807150493,2.5425,0.3146248861302312
101500,0.7729210458094168,-0.05676973854764575,2.465,0.32087566403981765
101600,0.7625883012458625,-0.05935292468853438,2.76625,0.3053525638862683
101700,0.75513249593766,-0.06121687601558502,2.79625,0.32617967676862636
101800,0.7534376880731318,-0.06164057798171717,2.66125,0.31669839872402106
101900,0.7560821996036838,-0.06097945009907899,2.64,0.32390392905039805
102000,0.7656568821372308,-0.05858577946569241,2.89,0.3189468501644399
102100,0.7551029929967286,-0.061224251750818005,2.595,0.31958124671150356
102200,0.749580567530157,-0.06260485811746071,2.835,0.32031373036232125
102300,0.78162318418909,-0.054594203952727384,2.45125,0.30058544879338955
102400,0.7622889885901585,-0.05942775285246041,2.475,0.32642283178193326
102500,0.7683109690705113,-0.057922257732372244,2.5525,0.30255170063005693
102600,0.7444919022695565,-0.06387702443261102,2.6275,0.3146891108930245
102700,0.76822677034075,-0.057943307414812656,2.58875,0.3074546984763949
102800,0.7724999890576275,-0.05687500273559322,2.455,0.3194175537150912
102900,0.7603512374755788,-0.05991219063110527,2.615,0.32250459232165485
103000,0.7496206645800868,-0.06259483385497816,2.7275,0.31986975586043587
103100,0.7634072669460323,-0.059148183263491944,2.5725,0.31856996287292466
103200,0.7606661832312956,-0.059833454192176096,2.605,0.2996810475115532
103300,0.7691100848773104,-0.05772247878067218,2.53125,0.3135281812621244
103400,0.7731322345746259,-0.056716941356343635,2.55375,0.32431764660543977
103500,0.7605065508344235,-0.05987336229139434,2.63375,0.31574304360072686
103600,0.782036331682456,-0.05449091707938595,2.46,0.30015205601899164
103700,0.7586534534117019,-0.06033663664707468,2.4975,0.31265976918184823
103800,0.7555588038450998,-0.061110299038724974,2.60875,0.3300837888513197
103900,0.7517087079228567,-0.062072823019285794,2.7025,0.30942409001885257
104000,0.7635425326154192,-0.05911436684614516,2.61125,0.3031839772354048
104100,0.7699768356004462,-0.05750579109988834,2.43625,0.30227244427333216
104200,0.7896151727290766,-0.05259620681773087,2.38375,0.2951502799531614
104300,0.771001767711309,-0.05724955807217245,2.64125,0.3033404951943295
104400,0.7554169570419805,-0.06114576073950502,2.59875,0.3136676867425108
104500,0.7626421543411588,-0.05933946141471027,2.73875,0.3203036831486077
104600,0.7615577637085533,-0.05961055907286163,2.53125,0.30959738021152866
104700,0.7478414122957292,-0.06303964692606771,2.7825,0.30752959980231637
104800,0.7519438550013433,-0.0620140362496643,2.67625,0.31791976869039024
104900,0.7584084689198137,-0.06039788277004658,2.71875,0.305884636677905
105000,0.7795494965429401,-0.055112625864265095,2.51875,0.30606965066862973
105100,0.7606928734219722,-0.059826781644506895,2.69375,0.30816984751401416
105200,0.7634518311130115,-0.05913704222174724,2.49,0.3053883057325522
105300,0.7663492545845226,-0.05841268635386945,2.56625,0.2920386136272015
105400,0.7687741445710752,-0.05780646385723112,2.6475,0.3087745072703745
105500,0.7658690954471864,-0.058532726138203366,2.655,0.2959468165169738
105600,0.7541846981721337,-0.06145382545696656,2.5825,0.3142663379691189
105700,0.7768319331339568,-0.05579201671651091,2.43375,0.2877336596942349
105800,0.7637822847085424,-0.05905442882286456,2.5375,0.32135053562260696
105900,0.7674610092773346,-0.05813474768066643,2.5325,0.3103331163308337
106000,0.769634477158486,-0.057591380710378434,2.425,0.3001822576048374
106100,0.7870738378351543,-0.0532315405412115,2.44375,0.2921361116921834
106200,0.78527367894264,-0.053681580264339945,2.43625,0.28630524879212266
106300,0.7822630128989292,-0.05443424677526772,2.565,0.290088021058591
106400,0.7751755592269913,-0.056206110193251994,2.56875,0.30349927089432394
106500,0.7614241475056827,-0.05964396312357932,2.69125,0.28676246341697004
106600,0.7811342155938145,-0.05471644610154639,2.42875,0.2884523252371086
106700,0.7648264579882397,-0.05879338550294005,2.59625,0.30341615906873537
106800,0.7666596266771302,-0.05833509333071757,2.72625,0.29955536775629715
106900,0.7786747651286514,-0.055331308717837153,2.47,0.2782569904425194
107000,0.7772849626302798,-0.055678759342430044,2.48125,0.30565756340433015
107100,0.7642408756203989,-0.05893978109490052,2.52375,0.30085253577837967
107200,0.7607243885720126,-0.05981890285699681,2.69375,0.3140902748813699
107300,0.7629797676683516,-0.059255058082912225,2.62375,0.3115418503832268
107400,0.7542578948539109,-0.06143552628652237,2.7575,0.3083542951584677
107500,0.7587005003248671,-0.06032487491878325,2.58125,0.31762961215639607
107600,0.7731074016688047,-0.05672314958279873,2.585,0.2997020021124416
107700,0.7812864436855885,-0.05467838907860298,2.45625,0.29150429857809057
107800,0.7764715802185961,-0.05588210494535097,2.575,0.29392606277076877
107900,0.7597553081100655,-0.060061172972483645,2.645,0.30167410118349797
108000,0.7735220459698069,-0.05661948850754823,2.5875,0.3029314496652766
108100,0.7567007545430033,-0.06082481136424936,2.715,0.3096779747179751
108200,0.7768200330623105,-0.055794991734422324,2.52375,0.2877567839077919
108300,0.7776315670882237,-0.05559210822794422,2.495,0.2996237625156316
108400,0.7746065564160645,-0.05634836089598365,2.385,0.2929147881493164
108500,0.7387732806885825,-0.06530667982785428,2.83,0.3076111310805176
108600,0.7640709451826058,-0.058982263704348774,2.71,0.29118585529836116
108700,0.7683541421514,-0.05791146446215028,2.5275,0.2986676447036415
108800,0.768272537961908,-0.05793186550952328,2.5,0.29173717968986174
108900,0.7650891110243289,-0.05872772224391773,2.53875,0.2892387956986294
109000,0.7641170256608371,-0.05897074358479068,2.5075,0.30822768879025964
109100,0.7845748012900196,-0.05385629967749508,2.39625,0.2967251627250298
109200,0.7698144040656915,-0.057546398983577066,2.5625,0.2900890095487776
109300,0.7887836891656242,-0.05280407770859398,2.45375,0.2796009292129189
109400,0.7737461606484735,-0.056563459837881754,2.665,0.29702453436418286
109500,0.7848442005384129,-0.053788949865396785,2.37875,0.2814070267008642
109600,0.7797020717916324,-0.055074482052092005,2.53625,0.28345335416575707
109700,0.7896292287715683,-0.052592692807107815,2.37375,0.2765221893167134
109800,0.768752233710338,-0.0578119415724154,2.46625,0.28908886189514893
109900,0.7730329327490195,-0.05674176681274514,2.42625,0.2976785002248286
110000,0.7621979350827409,-0.05945051622931486,2.6375,0.2878747011696577
110100,0.7524681036274146,-0.06188297409314638,2.61375,0.33411812387368733
110200,0.7482913212317643,-0.06292716969205885,2.73125,0.32968724086857315
110300,0.7511632932076954,-0.062209176698076345,2.66375,0.3228566643319576
110400,0.747580046038142,-0.06310498849046434,2.68875,0.33796817386514066
110500,0.766322305705527,-0.058419423573618456,2.5025,0.29876106598746355
110600,0.7548450663953821,-0.06128873340115471,2.795,0.32801342781223364
110700,0.7599134223204755,-0.060021644419881115,2.61375,0.31906329431715874
110800,0.7635638847211048,-0.05910902881972395,2.405,0.32892638207361796
110900,0.7663478895022372,-0.058413027624440776,2.58625,0.31473198792882306
111000,0.7516010916546305,-0.06209972708634231,2.70625,0.33971261041316114
111100,0.7501459699214955,-0.06246350751962598,2.7225,0.3337369902313902
111200,0.7528638789399977,-0.06178403026500072,2.6025,0.3117346272047734
111300,0.7646231863995634,-0.05884420340010907,2.43875,0.3209013423056484
111400,0.7587702430470072,-0.060307439238248176,2.7075,0.32544079995592234
111500,0.754804884584991,-0.061298778853752234,2.6675,0.31571987635821236
111600,0.7738197928549208,-0.056545051786269854,2.6425,0.2995350863289398
111700,0.7628743170043105,-0.059281420748922405,2.59375,0.3155915991457935
111800,0.7588114207252004,-0.06029714481869985,2.7425,0.3175160765759457
111900,0.774899763928105,-0.0562750590179738,2.58125,0.29296869126749997
112000,0.7511384144987862,-0.06221539637530326,2.675,0.32063333778082814
112100,0.7417808968426072,-0.0645547757893482,2.91,0.302531699270721
112200,0.7624668263945741,-0.05938329340135631,2.5625,0.3135185888312849
112300,0.7545175036787362,-0.06137062408031595,2.815,0.318005316264418
112400,0.7600388259931995,-0.059990293501700064,2.5625,0.33298274080770446
112500,0.7604452993063642,-0.059888675173408894,2.71625,0.3136167696554339
112600,0.7837257598544086,-0.05406856003639808,2.42,0.29160538555147714
112700,0.7617080752637578,-0.05957298118406059,2.565,0.3160790160768476
112800,0.7784067797238065,-0.055398305069048394,2.45875,0.3213799526501662
112900,0.7687687363947765,-0.05780781590130575,2.55375,0.3248606040662861
113000,0.7455634268930238,-0.06360914327674415,2.61125,0.3367574789887112
113100,0.7612577487308184,-0.059685562817295444,2.59625,0.3041390386188882
113200,0.7632396652070487,-0.05919008369823765,2.52875,0.29967576520171435
113300,0.7758241476995836,-0.056043963075104015,2.475,0.31124195637298785
113400,0.7580296832865723,-0.06049257917835695,2.70875,0.31420979513454994
113500,0.7654636529261871,-0.058634086768453234,2.665,0.3252070439207557
113600,0.765735287069287,-0.05856617823267826,2.59125,0.3185451267432785
113700,0.7397875210518206,-0.0650531197370451,2.76,0.32446445327523366
113800,0.7577179078671777,-0.06057052303320551,2.57875,0.3088206158871379
113900,0.7653896988472308,-0.05865257528819244,2.57625,0.32146534806170246
114000,0.7632322756497725,-0.05919193108755715,2.55125,0.32062241950974224
114100,0.7840647800383316,-0.05398380499041705,2.4475,0.30514549563092314
114200,0.7698882075819976,-0.057527948104500605,2.56875,0.30930069592439113
114300,0.7529643406565393,-0.06175891483586523,2.8125,0.3037702773077557
114400,0.7608597809190755,-0.059785054770231355,2.595,0.30498318321083656
114500,0.7804220694943005,-0.054894482626425115,2.535,0.3065577408372738
114600,0.7719630933627841,-0.05700922665930385,2.55875,0.3106849675828634
114700,0.7636127343637281,-0.05909681640906804,2.7625,0.31477656528997283
114800,0.7569757915921737,-0.06075605210195655,2.81625,0.3161500574019639
114900,0.7577582355945462,-0.060560441101363514,2.67875,0.3013992514029051
115000,0.7690892254723994,-0.05772769363190018,2.49375,0.31407498547608953
115100,0.7742099839322966,-0.05644750401692585,2.5725,0.28685547777302756
115200,0.7767359458881324,-0.05581601352796689,2.45625,0.2921665557899704
115300,0.7697910194285806,-0.05755224514285483,2.61625,0.2992697674764911
115400,0.7716105043975489,-0.05709737390061285,2.51875,0.310733370964974
115500,0.7763526017510499,-0.05591184956223759,2.5525,0.2993266979790647
115600,0.7647321161787433,-0.05881697095531431,2.6675,0.31303203641492694
115700,0.7548570255616619,-0.061285743609584505,2.875,0.3149763505857594
115800,0.76734911078312,-0.05816272230422019,2.5325,0.2866293356953293
115900,0.7613881019922156,-0.05965297450194619,2.59375,0.31167771868609007
116000,0.7721726450459296,-0.056956838738517715,2.46,0.3113154682051684
116100,0.77349545629823,-0.05662613592544265,2.4475,0.3006381812996778
116200,0.7562060000286608,-0.06094849999283478,2.76875,0.3142327821958664
116300,0.7587951950992232,-0.06030120122519422,2.64875,0.3077875890641887
116400,0.7702098309111327,-0.05744754227221696,2.6375,0.30442147071829156
